{
  "n_runs": 10,
  "requested_runs": 10,
  "status": "complete",
  "config": {
    "max_weeks": 20,
    "demand_seed": null,
    "fixed_demand_path": [
      4,
      4,
      4,
      4,
      8,
      8,
      8,
      8,
      8,
      8,
      8,
      8,
      8,
      8,
      8,
      8,
      8,
      8,
      8,
      8
    ],
    "orchestrator_mode": "decentralized",
    "constraints_enabled": false,
    "model_name": "qwen2.5:1.5b"
  },
  "cost": {
    "mean": 17298.8,
    "std": 1868.3554693901265,
    "min": 14722.0,
    "max": 20564.0,
    "median": 17000.0,
    "ci_lower": 16140.781282627262,
    "ci_upper": 18456.81871737274,
    "n": 10
  },
  "reliability": {
    "n_runs": 10,
    "mean_cost": 17298.8,
    "std_cost": 1868.3554693901265,
    "coefficient_of_variation": 0.10800491764689611,
    "run_to_run_instability": 3490752.16,
    "tail_event_rate_p90": 0.1,
    "max_cost": 20564.0,
    "min_cost": 14722.0,
    "order_spike_count": {
      "Retailer": 0,
      "Wholesaler": 0,
      "Distributor": 0,
      "Factory": 0
    },
    "inventory_collapse_events": {
      "Retailer": 0,
      "Wholesaler": 10,
      "Distributor": 10,
      "Factory": 12
    },
    "backlog_explosion_events": {
      "Retailer": 0,
      "Wholesaler": 190,
      "Distributor": 190,
      "Factory": 177
    }
  },
  "agent_bullwhip": {
    "sigma_squared": {
      "Retailer": [
        0.0,
        0.0,
        30.24,
        0.0,
        0.0,
        0.0,
        36.0,
        0.0,
        0.0,
        0.84,
        13.44,
        260.0,
        20.4,
        185.8,
        93.69,
        145.8,
        8.2,
        164.64,
        388.09,
        265.29
      ],
      "Wholesaler": [
        0.0,
        0.0,
        0.0,
        9.0,
        1.0,
        16.0,
        164.64,
        13.16,
        2.76,
        2.6,
        1065.8,
        244.04,
        253.76,
        241.01,
        188.24,
        126.84,
        520.96,
        455.24,
        395.04,
        209.29
      ],
      "Distributor": [
        0.0,
        0.0,
        0.0,
        0.0,
        0.0,
        1.76,
        185.76,
        456.64,
        483.36,
        240.64,
        163.24,
        241.16,
        186.76,
        339.56,
        220.44,
        60.36,
        359.69,
        245.85,
        171.45,
        318.44
      ],
      "Factory": [
        0.0,
        0.0,
        0.0,
        0.0,
        0.0,
        505.0,
        39.24,
        176.36,
        206.4,
        146.4,
        79.36,
        219.56,
        212.8,
        152.8,
        165.64,
        57.04,
        262.09,
        501.64,
        155.69,
        207.61
      ]
    },
    "psi": {
      "Wholesaler": [
        null,
        null,
        0.0,
        null,
        null,
        null,
        4.573333333333333,
        null,
        null,
        3.0952380952380953,
        79.30059523809524,
        0.9386153846153846,
        12.43921568627451,
        1.2971474703982775,
        2.0091792080264703,
        0.8699588477366255,
        63.53170731707318,
        2.7650631681243927,
        1.0179082171661213,
        0.788910249161295
      ],
      "Distributor": [
        null,
        null,
        null,
        0.0,
        0.0,
        0.11,
        1.1282798833819243,
        34.69908814589665,
        175.13043478260872,
        92.55384615384615,
        0.15316194407956465,
        0.9881986559580397,
        0.7359709962168979,
        1.408904194846687,
        1.1710582235444114,
        0.4758751182592242,
        0.6904368857493857,
        0.5400448115279852,
        0.43400668286755767,
        1.5215251564814374
      ],
      "Factory": [
        null,
        null,
        null,
        null,
        null,
        286.9318181818182,
        0.2112403100775194,
        0.38621233356692364,
        0.4270109235352532,
        0.6083776595744681,
        0.48615535407988236,
        0.9104329076132028,
        1.1394302848575713,
        0.44999411002473794,
        0.751406278352386,
        0.9449966865473823,
        0.7286552308932691,
        2.0404311572096807,
        0.9080781568970546,
        0.6519595528199975
      ]
    },
    "phi": {
      "Retailer": [
        null,
        null,
        0.0,
        null,
        null,
        null,
        0.0,
        null,
        null,
        16.0,
        19.345238095238095,
        0.07846153846153846,
        9.107843137254903,
        0.5042518837459633,
        1.5561959654178676,
        0.05624142661179697,
        20.078048780487805,
        2.357203595724004,
        0.6835785513669511,
        null
      ],
      "Wholesaler": [
        null,
        null,
        null,
        0.1111111111111111,
        16.0,
        10.29,
        0.07993197278911565,
        0.20972644376899693,
        0.9420289855072465,
        409.9230769230769,
        0.22897354100206418,
        1.039829536141616,
        0.9497556746532156,
        0.7810464296087299,
        0.6738206544836379,
        4.10722169662567,
        0.8738482800982801,
        0.8677620595729725,
        0.5297944511948157,
        null
      ],
      "Distributor": [
        null,
        null,
        null,
        null,
        null,
        105.54545454545455,
        2.458225667527993,
        1.0585143658023828,
        0.49784839457133395,
        0.6783577127659576,
        1.477333986767949,
        0.7744236191739924,
        1.8181623473977298,
        0.6491930733890917,
        0.27381600435492653,
        5.9590788601722995,
        0.6835052406238705,
        0.6973764490543014,
        1.857334499854185,
        null
      ],
      "Factory": [
        null,
        null,
        null,
        null,
        null,
        0.0777029702970297,
        4.494393476044852,
        1.1703334089362667,
        0.7093023255813954,
        0.5420765027322404,
        2.766633064516129,
        0.969211149571871,
        0.7180451127819549,
        1.0840314136125653,
        0.3443612653948322,
        4.59484572230014,
        1.91399900797436,
        0.31036201259867635,
        1.333483203802428,
        null
      ]
    },
    "psi_mean_by_echelon": {
      "Wholesaler": 13.2789901704033,
      "Distributor": 18.337695978544982,
      "Factory": 19.838413275191165
    },
    "phi_mean_by_echelon": {
      "Retailer": 5.813921914525744,
      "Wholesaler": 27.975495484977145,
      "Distributor": 8.887758911922182,
      "Factory": 1.5020557597246245
    },
    "summary": {
      "echelons_with_psi_gt_1": 3,
      "echelons_with_phi_gt_1": 4
    }
  },
  "total_costs": [
    16174.0,
    18924.0,
    20564.0,
    18956.0,
    14722.0,
    16372.0,
    17628.0,
    16010.0,
    18802.0,
    14836.0
  ]
}