{
  "n_runs": 2,
  "requested_runs": 2,
  "status": "complete",
  "config": {
    "max_weeks": 30,
    "demand_seed": 42,
    "fixed_demand_path": [
      7,
      2,
      2,
      7,
      4,
      3,
      3,
      3,
      7,
      2,
      7,
      7,
      6,
      2,
      6,
      5,
      2,
      2,
      2,
      3,
      3,
      6,
      6,
      2,
      6,
      3,
      7,
      7,
      7,
      6
    ],
    "orchestrator_mode": "decentralized",
    "use_tool_recommendation": false,
    "constraints_enabled": false,
    "model_name": "qwen/qwen3-32b"
  },
  "cost": {
    "mean": 10017.0,
    "std": 496.0,
    "min": 9521.0,
    "max": 10513.0,
    "median": 10017.0,
    "ci_lower": 9329.579071601685,
    "ci_upper": 10704.420928398315,
    "n": 2
  },
  "reliability": {
    "n_runs": 2,
    "mean_cost": 10017.0,
    "std_cost": 496.0,
    "coefficient_of_variation": 0.04951582310072876,
    "run_to_run_instability": 246016.0,
    "tail_event_rate_p90": 0.5,
    "max_cost": 10513.0,
    "min_cost": 9521.0,
    "order_spike_count": {
      "Retailer": 4,
      "Wholesaler": 3,
      "Distributor": 13,
      "Factory": 14
    },
    "inventory_collapse_events": {
      "Retailer": 0,
      "Wholesaler": 2,
      "Distributor": 3,
      "Factory": 1
    },
    "backlog_explosion_events": {
      "Retailer": 0,
      "Wholesaler": 23,
      "Distributor": 22,
      "Factory": 10
    }
  },
  "agent_bullwhip": {
    "sigma_squared": {
      "Retailer": [
        0.0,
        0.0,
        0.0,
        2.25,
        2.25,
        2.25,
        2.25,
        4.0,
        4.0,
        4.0,
        25.0,
        0.0,
        0.0,
        0.0,
        0.0,
        0.25,
        0.0,
        0.0,
        25.0,
        25.0,
        25.0,
        6.25,
        6.25,
        6.25,
        6.25,
        6.25,
        100.0,
        100.0,
        100.0,
        100.0
      ],
      "Wholesaler": [
        0.0,
        0.0,
        0.0,
        0.0,
        2.25,
        12.25,
        12.25,
        25.0,
        49.0,
        6.25,
        56.25,
        56.25,
        0.25,
        9.0,
        64.0,
        0.25,
        6.25,
        56.25,
        56.25,
        0.0,
        306.25,
        0.0,
        25.0,
        25.0,
        6.25,
        6.25,
        6.25,
        6.25,
        6.25,
        6.25
      ],
      "Distributor": [
        0.0,
        0.0,
        0.0,
        0.0,
        0.0,
        2.25,
        12.25,
        12.25,
        25.0,
        49.0,
        0.25,
        56.25,
        56.25,
        676.0,
        676.0,
        342.25,
        342.25,
        930.25,
        930.25,
        9.0,
        90.25,
        306.25,
        306.25,
        36.0,
        42.25,
        42.25,
        42.25,
        42.25,
        42.25,
        42.25
      ],
      "Factory": [
        0.0,
        0.0,
        0.0,
        400.0,
        272.25,
        272.25,
        12.25,
        0.0,
        225.0,
        182.25,
        169.0,
        169.0,
        110.25,
        6.25,
        600.25,
        600.25,
        600.25,
        600.25,
        600.25,
        600.25,
        600.25,
        306.25,
        306.25,
        306.25,
        6.25,
        6.25,
        6.25,
        6.25,
        6.25,
        6.25
      ]
    },
    "psi": {
      "Wholesaler": [
        null,
        null,
        null,
        0.0,
        1.0,
        5.444444444444445,
        5.444444444444445,
        6.25,
        12.25,
        1.5625,
        2.25,
        null,
        null,
        null,
        null,
        1.0,
        null,
        null,
        2.25,
        0.0,
        12.25,
        0.0,
        4.0,
        4.0,
        1.0,
        1.0,
        0.0625,
        0.0625,
        0.0625,
        0.0625
      ],
      "Distributor": [
        null,
        null,
        null,
        null,
        0.0,
        0.1836734693877551,
        1.0,
        0.49,
        0.5102040816326531,
        7.84,
        0.0044444444444444444,
        1.0,
        225.0,
        75.11111111111111,
        10.5625,
        1369.0,
        54.76,
        16.537777777777777,
        16.537777777777777,
        null,
        0.2946938775510204,
        null,
        12.25,
        1.44,
        6.76,
        6.76,
        6.76,
        6.76,
        6.76,
        6.76
      ],
      "Factory": [
        null,
        null,
        null,
        null,
        null,
        121.0,
        1.0,
        0.0,
        9.0,
        3.7193877551020407,
        676.0,
        3.0044444444444443,
        1.96,
        0.009245562130177515,
        0.8879437869822485,
        1.753834915997078,
        1.753834915997078,
        0.6452566514377855,
        0.6452566514377855,
        66.69444444444444,
        6.650969529085873,
        1.0,
        1.0,
        8.506944444444445,
        0.14792899408284024,
        0.14792899408284024,
        0.14792899408284024,
        0.14792899408284024,
        0.14792899408284024,
        0.14792899408284024
      ]
    },
    "phi": {
      "Retailer": [
        null,
        null,
        null,
        1.0,
        1.0,
        1.0,
        1.7777777777777777,
        1.0,
        1.0,
        6.25,
        0.0,
        null,
        null,
        null,
        null,
        0.0,
        null,
        null,
        1.0,
        1.0,
        0.25,
        1.0,
        1.0,
        1.0,
        1.0,
        16.0,
        1.0,
        1.0,
        1.0,
        null
      ],
      "Wholesaler": [
        null,
        null,
        null,
        null,
        5.444444444444445,
        1.0,
        2.0408163265306123,
        1.96,
        0.12755102040816327,
        9.0,
        1.0,
        0.0044444444444444444,
        36.0,
        7.111111111111111,
        0.00390625,
        25.0,
        9.0,
        1.0,
        0.0,
        null,
        0.0,
        null,
        1.0,
        0.25,
        1.0,
        1.0,
        1.0,
        1.0,
        1.0,
        null
      ],
      "Distributor": [
        null,
        null,
        null,
        null,
        null,
        5.444444444444445,
        1.0,
        2.0408163265306123,
        1.96,
        0.00510204081632653,
        225.0,
        1.0,
        12.017777777777777,
        1.0,
        0.5062869822485208,
        1.0,
        2.7180423666910154,
        1.0,
        0.009674818597151304,
        10.027777777777779,
        3.3933518005540164,
        1.0,
        0.11755102040816326,
        1.1736111111111112,
        1.0,
        1.0,
        1.0,
        1.0,
        1.0,
        null
      ],
      "Factory": [
        null,
        null,
        null,
        0.680625,
        1.0,
        0.04499540863177227,
        0.0,
        null,
        0.81,
        0.9272976680384087,
        1.0,
        0.6523668639053254,
        0.05668934240362812,
        96.04,
        1.0,
        1.0,
        1.0,
        1.0,
        1.0,
        1.0,
        0.5102040816326531,
        1.0,
        1.0,
        0.02040816326530612,
        1.0,
        1.0,
        1.0,
        1.0,
        1.0,
        null
      ]
    },
    "psi_mean_by_echelon": {
      "Wholesaler": 2.8548280423280423,
      "Distributor": 76.37842427248677,
      "Factory": 36.24476548264001
    },
    "phi_mean_by_echelon": {
      "Retailer": 1.913888888888889,
      "Wholesaler": 4.56270754769299,
      "Distributor": 11.475601519456538,
      "Factory": 4.589703461115084
    },
    "summary": {
      "echelons_with_psi_gt_1": 3,
      "echelons_with_phi_gt_1": 4
    }
  },
  "consensus": {
    "mean_consensus_gap": 30.516666666666666,
    "max_consensus_gap": 84.0
  },
  "mean_consensus_gap": 30.516666666666666,
  "max_consensus_gap": 84.0,
  "total_costs": [
    10513.0,
    9521.0
  ]
}