{
  "n_runs": 30,
  "requested_runs": 30,
  "status": "complete",
  "config": {
    "max_weeks": 20,
    "demand_seed": null,
    "fixed_demand_path": [
      4,
      4,
      4,
      4,
      8,
      8,
      8,
      8,
      8,
      8,
      8,
      8,
      8,
      8,
      8,
      8,
      8,
      8,
      8,
      8
    ],
    "orchestrator_mode": "decentralized",
    "constraints_enabled": false,
    "model_name": "qwen2.5:1.5b"
  },
  "cost": {
    "mean": 18799.033333333333,
    "std": 1666.1872540490626,
    "min": 15190.0,
    "max": 22182.0,
    "median": 18801.0,
    "ci_lower": 18202.795881874095,
    "ci_upper": 19395.27078479257,
    "n": 30
  },
  "reliability": {
    "n_runs": 30,
    "mean_cost": 18799.033333333333,
    "std_cost": 1666.1872540490626,
    "coefficient_of_variation": 0.08863153889379397,
    "run_to_run_instability": 2776179.9655555557,
    "tail_event_rate_p90": 0.1,
    "max_cost": 22182.0,
    "min_cost": 15190.0,
    "order_spike_count": {
      "Retailer": 0,
      "Wholesaler": 0,
      "Distributor": 0,
      "Factory": 0
    },
    "inventory_collapse_events": {
      "Retailer": 0,
      "Wholesaler": 30,
      "Distributor": 30,
      "Factory": 32
    },
    "backlog_explosion_events": {
      "Retailer": 0,
      "Wholesaler": 570,
      "Distributor": 565,
      "Factory": 561
    }
  },
  "agent_bullwhip": {
    "sigma_squared": {
      "Retailer": [
        0.0,
        11.115555555555556,
        16.982222222222223,
        7.115555555555556,
        48.0,
        6.44,
        13.16,
        8.715555555555556,
        11.328888888888889,
        90.93333333333334,
        206.64888888888888,
        194.69,
        85.16555555555556,
        222.42333333333335,
        119.15555555555555,
        168.58333333333334,
        206.56555555555556,
        231.4988888888889,
        197.63222222222223,
        283.12888888888887
      ],
      "Wholesaler": [
        0.0,
        0.0,
        0.0,
        58.062222222222225,
        18.648888888888887,
        9.955555555555556,
        125.76555555555555,
        67.30666666666667,
        216.7288888888889,
        206.31555555555556,
        471.99555555555554,
        253.38222222222223,
        259.71555555555557,
        333.0488888888889,
        345.2888888888889,
        286.9166666666667,
        369.5288888888889,
        454.01,
        331.9822222222222,
        313.61
      ],
      "Distributor": [
        0.0,
        3.2222222222222223,
        6.666666666666667,
        6.222222222222222,
        94.32888888888888,
        7.115555555555556,
        113.72888888888889,
        390.8888888888889,
        432.99555555555554,
        370.71666666666664,
        260.46222222222224,
        319.41,
        261.5288888888889,
        257.6322222222222,
        257.6622222222222,
        213.02666666666667,
        338.9288888888889,
        239.96555555555557,
        379.12888888888887,
        265.44555555555553
      ],
      "Factory": [
        0.0,
        0.0,
        77.47222222222223,
        0.0,
        0.8055555555555556,
        132.80555555555554,
        143.84555555555556,
        137.76555555555555,
        231.76555555555555,
        358.6322222222222,
        259.1822222222222,
        269.1066666666667,
        260.7288888888889,
        273.78222222222223,
        294.3822222222222,
        152.6,
        267.6,
        249.22222222222223,
        434.55555555555554,
        278.4766666666667
      ]
    },
    "psi": {
      "Wholesaler": [
        null,
        0.0,
        0.0,
        8.159900062460961,
        0.3885185185185185,
        1.5458937198067633,
        9.556653157716987,
        7.722590515043346,
        19.130639466457435,
        2.268866080156403,
        2.2840459394356505,
        1.3014650070482419,
        3.049537502120054,
        1.4973648847792747,
        2.8977993286087282,
        1.7019278299555116,
        1.7889182341898455,
        1.961175719585887,
        1.6797980536237342,
        1.1076580748461637
      ],
      "Distributor": [
        null,
        null,
        null,
        0.10716472749540722,
        5.05815061963775,
        0.7147321428571429,
        0.9042928199736724,
        5.807580559957739,
        1.9978672791403493,
        1.7968430236315458,
        0.5518319381538433,
        1.2605856764484047,
        1.0069819973988636,
        0.7735567684424042,
        0.7462221650148024,
        0.7424687772291606,
        0.9171918599057057,
        0.5285468504120076,
        1.1420156367141479,
        0.846419296436834
      ],
      "Factory": [
        null,
        0.0,
        11.620833333333334,
        0.0,
        0.008539860535243122,
        18.66411617738913,
        1.2648110516237447,
        0.3524417282546901,
        0.53526081868944,
        0.9674024786824319,
        0.9950856596819329,
        0.8425117143065861,
        0.9969410645095507,
        1.0626862581888912,
        1.1425121606237278,
        0.7163422419728359,
        0.7895461519296084,
        1.0385749806685218,
        1.146194785707587,
        1.04909146466528
      ]
    },
    "phi": {
      "Retailer": [
        null,
        1.5277888844462215,
        0.4190002617115938,
        6.7457838850718295,
        0.13416666666666668,
        2.043478260869565,
        0.6622762580209388,
        1.2998470168281488,
        8.026677128285602,
        2.272531769305963,
        0.9421294304886443,
        0.43744185913788874,
        2.6116583386606482,
        0.5357151777641235,
        1.4148172323759793,
        1.2253023562366123,
        1.1207042155032838,
        0.8537070012335072,
        1.4326048946134513,
        null
      ],
      "Wholesaler": [
        null,
        null,
        null,
        0.32118799755052047,
        0.5338417540514776,
        12.632700892857143,
        0.5351756796155104,
        3.2200211304807183,
        0.951952259863834,
        2.287736153895866,
        0.5368317969095755,
        1.0249951763694727,
        1.2823601889246354,
        1.0367513611615244,
        0.8309467112884542,
        1.28793106786717,
        1.2286184210526314,
        0.7312222687214428,
        0.9446590178858306,
        null
      ],
      "Distributor": [
        null,
        2.0689655172413794,
        0.9333333333333333,
        15.159999999999998,
        0.07543347154165096,
        15.98313554028732,
        3.4370237211301733,
        1.1077202956225127,
        0.8561673714895713,
        0.7025910773426847,
        1.2263198757763976,
        0.8187874170780154,
        0.9851004350486029,
        1.0001164450616513,
        0.8267671714906683,
        1.591016252529678,
        0.7080115133951403,
        1.5799304529816778,
        0.7001459486073337,
        null
      ],
      "Factory": [
        null,
        null,
        0.0,
        null,
        164.8620689655172,
        1.0831290524994772,
        0.9577324445199712,
        1.6823185927783917,
        1.547392240242774,
        0.7226964175617857,
        1.0382913780094658,
        0.9688681894003204,
        1.0500647756716215,
        1.0752422850278402,
        0.5183736940636512,
        1.7536041939711666,
        0.9313237003819963,
        1.7436469014712437,
        0.6408309895167477,
        null
      ]
    },
    "psi_mean_by_echelon": {
      "Wholesaler": 3.5811974786501835,
      "Distributor": 1.464850125814693,
      "Factory": 2.2733101016190806
    },
    "phi_mean_by_echelon": {
      "Retailer": 1.872535035401148,
      "Wholesaler": 1.836683242405988,
      "Distributor": 2.764475879997655,
      "Factory": 11.285973988789603
    },
    "summary": {
      "echelons_with_psi_gt_1": 3,
      "echelons_with_phi_gt_1": 4
    }
  },