{
  "n_runs": 5,
  "requested_runs": 30,
  "status": "interrupted",
  "config": {
    "max_weeks": 25,
    "demand_seed": null,
    "fixed_demand_path": [
      4,
      4,
      4,
      4,
      8,
      8,
      8,
      8,
      8,
      8,
      8,
      8,
      8,
      8,
      8,
      8,
      8,
      8,
      8,
      8,
      8,
      8,
      8,
      8,
      8
    ],
    "orchestrator_mode": "decentralized",
    "constraints_enabled": false,
    "model_name": "qwen/qwen3-32b"
  },
  "cost": {
    "mean": 15735.2,
    "std": 2507.4920059693113,
    "min": 10772.0,
    "max": 17208.0,
    "median": 17208.0,
    "ci_lower": 13537.286349273203,
    "ci_upper": 17933.1136507268,
    "n": 5
  },
  "reliability": {
    "n_runs": 5,
    "mean_cost": 15735.2,
    "std_cost": 2507.4920059693113,
    "coefficient_of_variation": 0.15935558530996183,
    "run_to_run_instability": 6287516.16,
    "tail_event_rate_p90": 0.6,
    "max_cost": 17208.0,
    "min_cost": 10772.0,
    "order_spike_count": {
      "Retailer": 24,
      "Wholesaler": 46,
      "Distributor": 49,
      "Factory": 10
    },
    "inventory_collapse_events": {
      "Retailer": 5,
      "Wholesaler": 5,
      "Distributor": 5,
      "Factory": 5
    },
    "backlog_explosion_events": {
      "Retailer": 42,
      "Wholesaler": 62,
      "Distributor": 77,
      "Factory": 77
    }
  },
  "agent_bullwhip": {
    "sigma_squared": {
      "Retailer": [
        0.0,
        0.0,
        2.56,
        2.56,
        0.0,
        0.0,
        10.24,
        40.96,
        0.0,
        2.56,
        10.24,
        2.56,
        2.56,
        2.56,
        23.04,
        40.96,
        2.56,
        92.16,
        92.16,
        92.16,
        92.16,
        0.0,
        0.0,
        0.0,
        0.0
      ],
      "Wholesaler": [
        0.0,
        0.0,
        2.56,
        0.0,
        10.24,
        23.04,
        2.56,
        2.56,
        64.0,
        64.0,
        40.96,
        163.84,
        501.76,
        739.84,
        309.76,
        125.44,
        64.0,
        163.84,
        125.44,
        368.64,
        368.64,
        368.64,
        368.64,
        1354.24,
        576.0
      ],
      "Distributor": [
        0.0,
        0.0,
        0.0,
        2.56,
        2.56,
        0.0,
        23.04,
        92.16,
        40.96,
        125.44,
        256.0,
        655.36,
        829.44,
        778.24,
        1192.96,
        432.64,
        432.64,
        432.64,
        432.64,
        207.36,
        207.36,
        79.36,
        655.36,
        1600.0,
        1600.0
      ],
      "Factory": [
        0.0,
        0.0,
        0.0,
        256.0,
        2.56,
        2.56,
        2.56,
        0.0,
        40.96,
        256.0,
        256.0,
        64.0,
        92.16,
        829.44,
        1354.24,
        1354.24,
        739.84,
        739.84,
        739.84,
        207.36,
        207.36,
        207.36,
        207.36,
        256.0,
        739.84
      ]
    },
    "psi": {
      "Wholesaler": [
        null,
        null,
        1.0,
        0.0,
        null,
        null,
        0.25,
        0.0625,
        null,
        25.0,
        4.0,
        64.0,
        196.0,
        289.0,
        13.444444444444445,
        3.0625,
        25.0,
        1.777777777777778,
        1.3611111111111112,
        4.0,
        4.0,
        null,
        null,
        null,
        null
      ],
      "Distributor": [
        null,
        null,
        0.0,
        null,
        0.25,
        0.0,
        9.0,
        36.0,
        0.64,
        1.96,
        6.25,
        4.0,
        1.653061224489796,
        1.0519031141868511,
        3.8512396694214877,
        3.4489795918367347,
        6.76,
        2.640625,
        3.4489795918367347,
        0.5625000000000001,
        0.5625000000000001,
        0.2152777777777778,
        1.777777777777778,
        1.1814744801512287,
        2.7777777777777777
      ],
      "Factory": [
        null,
        null,
        null,
        100.0,
        1.0,
        null,
        0.11111111111111112,
        0.0,
        1.0,
        2.0408163265306123,
        1.0,
        0.09765625,
        0.1111111111111111,
        1.0657894736842106,
        1.1351931330472103,
        3.1301775147928996,
        1.7100591715976332,
        1.7100591715976332,
        1.7100591715976332,
        1.0,
        1.0,
        2.612903225806452,
        0.31640625,
        0.16,
        0.46240000000000003
      ]
    },
    "phi": {
      "Retailer": [
        null,
        null,
        1.0,
        0.0,
        null,
        null,
        4.0,
        0.0,
        null,
        4.0,
        0.25,
        1.0,
        1.0,
        9.0,
        1.777777777777778,
        0.0625,
        36.0,
        1.0,
        1.0,
        1.0,
        0.0,
        null,
        null,
        null,
        null
      ],
      "Wholesaler": [
        null,
        null,
        0.0,
        null,
        2.25,
        0.11111111111111112,
        1.0,
        25.0,
        1.0,
        0.64,
        4.0,
        3.0625,
        1.4744897959183674,
        0.4186851211072664,
        0.4049586776859504,
        0.5102040816326531,
        2.56,
        0.765625,
        2.938775510204082,
        1.0,
        1.0,
        1.0,
        3.673611111111111,
        0.42533081285444235,
        null
      ],
      "Distributor": [
        null,
        null,
        null,
        1.0,
        0.0,
        null,
        4.0,
        0.4444444444444445,
        3.0625,
        2.0408163265306123,
        2.56,
        1.265625,
        0.9382716049382716,
        1.5328947368421053,
        0.3626609442060086,
        1.0,
        1.0,
        1.0,
        0.4792899408284024,
        1.0,
        0.38271604938271603,
        8.258064516129032,
        2.44140625,
        1.0,
        null
      ],
      "Factory": [
        null,
        null,
        null,
        0.01,
        1.0,
        1.0,
        0.0,
        null,
        6.25,
        1.0,
        0.25,
        1.44,
        9.000000000000002,
        1.632716049382716,
        1.0,
        0.5463137996219282,
        1.0,
        1.0,
        0.28027681660899656,
        1.0,
        1.0,
        1.0,
        1.2345679012345678,
        2.89,
        null
      ]
    },
    "psi_mean_by_echelon": {
      "Wholesaler": 39.497395833333336,
      "Distributor": 4.001458909329824,
      "Factory": 5.779701995756024
    },
    "phi_mean_by_echelon": {
      "Retailer": 3.818142361111111,
      "Wholesaler": 2.535013867696428,
      "Distributor": 1.6884344906650797,
      "Factory": 1.6266937283424103
    },
    "summary": {
      "echelons_with_psi_gt_1": 3,
      "echelons_with_phi_gt_1": 4
    }
  },
  "total_costs": [
    10772.0,
    17208.0,
    17208.0,
    17208.0,
    16280.0
  ]
}