{
  "n_runs": 10,
  "requested_runs": 10,
  "status": "complete",
  "config": {
    "max_weeks": 20,
    "demand_seed": null,
    "fixed_demand_path": [
      4,
      4,
      4,
      4,
      8,
      8,
      8,
      8,
      8,
      8,
      8,
      8,
      8,
      8,
      8,
      8,
      8,
      8,
      8,
      8
    ],
    "orchestrator_mode": "decentralized",
    "constraints_enabled": false,
    "model_name": "qwen/qwen3-32b"
  },
  "cost": {
    "mean": 4972.8,
    "std": 958.518940866585,
    "min": 3038.0,
    "max": 6148.0,
    "median": 4961.0,
    "ci_lower": 4378.703805424071,
    "ci_upper": 5566.896194575929,
    "n": 10
  },
  "reliability": {
    "n_runs": 10,
    "mean_cost": 4972.8,
    "std_cost": 958.518940866585,
    "coefficient_of_variation": 0.19275236101725085,
    "run_to_run_instability": 918758.56,
    "tail_event_rate_p90": 0.1,
    "max_cost": 6148.0,
    "min_cost": 3038.0,
    "order_spike_count": {
      "Retailer": 11,
      "Wholesaler": 80,
      "Distributor": 74,
      "Factory": 61
    },
    "inventory_collapse_events": {
      "Retailer": 10,
      "Wholesaler": 10,
      "Distributor": 10,
      "Factory": 11
    },
    "backlog_explosion_events": {
      "Retailer": 120,
      "Wholesaler": 95,
      "Distributor": 71,
      "Factory": 36
    }
  },
  "agent_bullwhip": {
    "sigma_squared": {
      "Retailer": [
        0.0,
        0.0,
        0.0,
        0.0,
        0.0,
        0.0,
        0.0,
        13.44,
        0.0,
        3.84,
        12.96,
        20.64,
        44.96,
        32.64,
        22.44,
        14.44,
        184.89,
        153.21,
        155.45,
        128.36
      ],
      "Wholesaler": [
        0.0,
        2.25,
        0.09,
        0.09,
        0.09,
        0.09,
        0.09,
        0.09,
        2.81,
        10.09,
        18.49,
        15.36,
        53.16,
        22.76,
        206.09,
        238.89,
        336.65,
        302.09,
        221.8,
        461.16
      ],
      "Distributor": [
        0.0,
        0.0,
        2.25,
        0.09,
        0.09,
        0.09,
        0.09,
        0.09,
        0.09,
        2.81,
        10.01,
        19.29,
        65.45,
        74.81,
        205.16,
        230.76,
        254.89,
        604.49,
        269.61,
        155.05
      ],
      "Factory": [
        0.0,
        0.0,
        0.0,
        342.25,
        272.41,
        1.61,
        2.81,
        1.61,
        0.09,
        0.09,
        1.61,
        10.01,
        12.81,
        29.45,
        42.49,
        153.69,
        212.81,
        276.25,
        652.81,
        636.16
      ]
    },
    "psi": {
      "Wholesaler": [
        null,
        null,
        null,
        null,
        null,
        null,
        null,
        0.006696428571428571,
        null,
        2.6276041666666665,
        1.4266975308641974,
        0.7441860465116279,
        1.1823843416370106,
        0.6973039215686275,
        9.184046345811051,
        16.543628808864266,
        1.8208123749256315,
        1.9717381371973106,
        1.4268253457703444,
        3.5927080087254595
      ],
      "Distributor": [
        null,
        0.0,
        25.0,
        1.0,
        1.0,
        1.0,
        1.0,
        1.0,
        0.03202846975088968,
        0.27849355797819625,
        0.5413737155219037,
        1.255859375,
        1.231188863807374,
        3.2869068541300526,
        0.9954874084137998,
        0.9659676001506969,
        0.7571364919055399,
        2.001026184249727,
        1.2155545536519388,
        0.3362173649058895
      ],
      "Factory": [
        null,
        null,
        0.0,
        3802.777777777778,
        3026.7777777777783,
        17.88888888888889,
        31.222222222222225,
        17.88888888888889,
        1.0,
        0.03202846975088968,
        0.16083916083916086,
        0.518921721099015,
        0.19572192513368983,
        0.3936639486699639,
        0.20710664846948723,
        0.6660166406656266,
        0.8349091765075131,
        0.456996807225926,
        2.421312265865509,
        4.102934537246049
      ]
    },
    "phi": {
      "Retailer": [
        null,
        null,
        null,
        null,
        null,
        null,
        null,
        0.0,
        null,
        3.3750000000000004,
        1.5925925925925926,
        2.1782945736434107,
        0.7259786476868327,
        0.6875,
        0.6434937611408199,
        12.804016620498615,
        0.8286548758721403,
        1.014620455583839,
        0.8257317465422968,
        null
      ],
      "Wholesaler": [
        null,
        0.04,
        1.0,
        1.0,
        1.0,
        1.0,
        1.0,
        31.222222222222225,
        3.590747330960854,
        1.8325074331020812,
        0.8307193077339102,
        3.4609375,
        0.4281414597441686,
        9.054920913884006,
        1.159153767771362,
        1.4092260035999833,
        0.8973414525471558,
        0.7342182793207324,
        2.07917042380523,
        null
      ],
      "Distributor": [
        null,
        null,
        0.04,
        1.0,
        1.0,
        1.0,
        1.0,
        1.0,
        31.222222222222225,
        3.562277580071174,
        1.927072927072927,
        3.3929497148781755,
        1.1430099312452253,
        2.742414115759925,
        1.1247806589978553,
        1.1045675160339747,
        2.3715720506885325,
        0.446012340981654,
        0.5750899447349875,
        null
      ],
      "Factory": [
        null,
        null,
        null,
        0.7959386413440468,
        0.0059102088763261255,
        1.7453416149068322,
        0.5729537366548043,
        0.05590062111801242,
        1.0,
        17.88888888888889,
        6.217391304347825,
        1.2797202797202798,
        2.2989851678376265,
        1.4427843803056029,
        3.6170863732642973,
        1.3846704404971046,
        1.2981062919975566,
        2.3631131221719457,
        0.9744948759976103,
        null
      ]
    },
    "psi_mean_by_echelon": {
      "Wholesaler": 3.4353859547594685,
      "Distributor": 2.2577494968140006,
      "Factory": 383.7525559365016
    },
    "phi_mean_by_echelon": {
      "Retailer": 2.243262115778231,
      "Wholesaler": 3.429961449705095,
      "Distributor": 3.214821706040392,
      "Factory": 2.6838303717455476
    },
    "summary": {
      "echelons_with_psi_gt_1": 3,
      "echelons_with_phi_gt_1": 4
    }
  },
  "total_costs": [
    4540.0,
    4260.0,
    5972.0,
    3038.0,
    5018.0,
    6128.0,
    4904.0,
    5568.0,
    6148.0,
    4152.0
  ]
}