{
  "n_runs": 10,
  "requested_runs": 10,
  "status": "complete",
  "config": {
    "max_weeks": 30,
    "demand_seed": null,
    "fixed_demand_path": [
      4,
      4,
      4,
      4,
      8,
      8,
      8,
      8,
      8,
      8,
      8,
      8,
      8,
      8,
      8,
      8,
      8,
      8,
      8,
      8,
      8,
      8,
      8,
      8,
      8,
      8,
      8,
      8,
      8,
      8
    ],
    "orchestrator_mode": "decentralized",
    "constraints_enabled": false,
    "model_name": "qwen2.5:1.5b"
  },
  "cost": {
    "mean": 35603.0,
    "std": 3802.3015924568635,
    "min": 28305.0,
    "max": 42332.0,
    "median": 35419.0,
    "ci_lower": 33246.3090569224,
    "ci_upper": 37959.6909430776,
    "n": 10
  },
  "reliability": {
    "n_runs": 10,
    "mean_cost": 35603.0,
    "std_cost": 3802.3015924568635,
    "coefficient_of_variation": 0.1067972247410854,
    "run_to_run_instability": 14457497.4,
    "tail_event_rate_p90": 0.1,
    "max_cost": 42332.0,
    "min_cost": 28305.0,
    "order_spike_count": {
      "Retailer": 0,
      "Wholesaler": 0,
      "Distributor": 0,
      "Factory": 0
    },
    "inventory_collapse_events": {
      "Retailer": 0,
      "Wholesaler": 11,
      "Distributor": 10,
      "Factory": 11
    },
    "backlog_explosion_events": {
      "Retailer": 0,
      "Wholesaler": 251,
      "Distributor": 277,
      "Factory": 268
    }
  },
  "agent_bullwhip": {
    "sigma_squared": {
      "Retailer": [
        0.0,
        43.56,
        12.96,
        0.0,
        88.84,
        7.56,
        12.96,
        14.4,
        7.56,
        23.04,
        207.36,
        158.44,
        1.56,
        8.36,
        72.01,
        132.41,
        118.01,
        179.36,
        164.41,
        382.01,
        138.89,
        226.6,
        205.44,
        220.49,
        188.6,
        354.64,
        74.81,
        498.49,
        155.45,
        271.85
      ],
      "Wholesaler": [
        0.0,
        0.0,
        0.0,
        4.2,
        12.84,
        9.96,
        77.44,
        4.36,
        190.76,
        204.36,
        222.76,
        221.44,
        170.76,
        316.56,
        146.8,
        472.16,
        257.76,
        306.65,
        403.24,
        179.61,
        325.96,
        162.24,
        227.96,
        145.45,
        303.21,
        399.04,
        285.65,
        330.01,
        517.56,
        273.61
      ],
      "Distributor": [
        0.0,
        0.0,
        0.0,
        0.0,
        79.04,
        1.44,
        8.36,
        375.84,
        110.56,
        337.16,
        382.4,
        232.2,
        441.8,
        337.64,
        223.89,
        208.09,
        289.69,
        245.0,
        261.96,
        200.96,
        152.0,
        328.41,
        173.65,
        402.4,
        194.24,
        190.4,
        539.96,
        340.09,
        274.05,
        261.04
      ],
      "Factory": [
        0.0,
        0.0,
        64.0,
        0.0,
        0.0,
        143.24,
        531.04,
        33.44,
        142.76,
        133.44,
        350.6,
        269.44,
        201.76,
        518.24,
        197.76,
        66.41,
        247.05,
        897.96,
        323.4,
        278.41,
        278.36,
        368.49,
        770.65,
        342.81,
        259.24,
        379.56,
        317.16,
        377.89,
        99.81,
        270.05
      ]
    },
    "psi": {
      "Wholesaler": [
        null,
        0.0,
        0.0,
        null,
        0.14452949122017109,
        1.3174603174603177,
        5.975308641975308,
        0.3027777777777778,
        25.232804232804234,
        8.869791666666668,
        1.0742669753086418,
        1.3976268619035597,
        109.46153846153845,
        37.866028708133975,
        2.0386057492015,
        3.565893814666566,
        2.1842216761291415,
        1.7096900089206064,
        2.4526488656407763,
        0.470170937933562,
        2.346893224854201,
        0.7159752868490733,
        1.1096183800623054,
        0.6596671050841307,
        1.6076882290562036,
        1.1251973832618996,
        3.8183397941451673,
        0.662019298280808,
        3.3294306851077518,
        1.0064741585433143
      ],
      "Distributor": [
        null,
        null,
        null,
        0.0,
        6.15576323987539,
        0.14457831325301204,
        0.10795454545454546,
        86.20183486238531,
        0.5795764311176348,
        1.6498336269328635,
        1.716645717363979,
        1.0485910404624277,
        2.587256968845163,
        1.0665908516552944,
        1.525136239782016,
        0.44071924771263976,
        1.123874922408442,
        0.7989564650252732,
        0.6496379327447673,
        1.1188686598741717,
        0.4663148852619954,
        2.0242233727810652,
        0.7617564484997368,
        2.7665864558267446,
        0.6406121170146104,
        0.47714514835605454,
        1.8902853141956943,
        1.030544528953668,
        0.5295038256434037,
        0.9540586966850627
      ],
      "Factory": [
        null,
        null,
        null,
        null,
        0.0,
        99.47222222222223,
        63.52153110047847,
        0.08897403150276713,
        1.291244573082489,
        0.39577648594139275,
        0.9168410041841005,
        1.1603789836347977,
        0.4566772295156179,
        1.534889231133752,
        0.8832909017821252,
        0.3191407564034792,
        0.8528081742552384,
        3.6651428571428575,
        1.2345396243701328,
        1.3854000796178345,
        1.8313157894736842,
        1.1220425687402942,
        4.437949899222573,
        0.85191351888668,
        1.334637561779242,
        1.9934873949579832,
        0.5873768427290911,
        1.1111470493104767,
        0.3642036124794745,
        1.034515783021759
      ]
    },
    "phi": {
      "Retailer": [
        null,
        0.2975206611570248,
        0.0,
        null,
        0.08509680324178297,
        1.7142857142857144,
        1.1111111111111112,
        0.5249999999999999,
        3.0476190476190474,
        9.000000000000002,
        0.7640817901234568,
        0.009845998485231003,
        5.358974358974359,
        8.613636363636365,
        1.8387723927232327,
        0.891246884676384,
        1.5198711973561563,
        0.9166480820695806,
        2.3235204671248706,
        0.36357686971545244,
        1.6315069479444166,
        0.9066195939982348,
        1.073257398753894,
        0.85536759036691,
        1.8803817603393425,
        0.21094631175276338,
        6.663413982087956,
        0.31184176212160725,
        1.74879382438083,
        null
      ],
      "Wholesaler": [
        null,
        null,
        null,
        3.057142857142857,
        0.7757009345794393,
        7.775100401606425,
        0.05630165289256199,
        43.752293577981646,
        1.071293772279304,
        1.0900371892738303,
        0.9940743400969654,
        0.7711343930635838,
        1.8538299367533382,
        0.4637351528936063,
        3.2163487738419616,
        0.5459166384276516,
        1.1896725636250776,
        1.314984510027719,
        0.44541712131732963,
        1.8148210010578474,
        0.49772978279543506,
        1.4050788954635107,
        0.6380505351816107,
        2.0846338948092127,
        1.3160515814122227,
        0.7158430232558138,
        1.1552949413618065,
        1.5683161116329807,
        0.5286536826648119,
        null
      ],