{
  "n_runs": 5,
  "requested_runs": 10,
  "status": "partial",
  "config": {
    "max_weeks": 20,
    "demand_seed": null,
    "fixed_demand_path": [
      4,
      4,
      4,
      4,
      8,
      8,
      8,
      8,
      8,
      8,
      8,
      8,
      8,
      8,
      8,
      8,
      8,
      8,
      8,
      8
    ],
    "orchestrator_mode": "decentralized",
    "constraints_enabled": false,
    "model_name": "qwen2.5:1.5b"
  },
  "cost": {
    "mean": 17744.0,
    "std": 817.4428420385123,
    "min": 16380.0,
    "max": 18900.0,
    "median": 17894.0,
    "ci_lower": 17027.479757092657,
    "ci_upper": 18460.520242907343,
    "n": 5
  },
  "reliability": {
    "n_runs": 5,
    "mean_cost": 17744.0,
    "std_cost": 817.4428420385123,
    "coefficient_of_variation": 0.04606869037638144,
    "run_to_run_instability": 668212.8,
    "tail_event_rate_p90": 0.2,
    "max_cost": 18900.0,
    "min_cost": 16380.0,
    "order_spike_count": {
      "Retailer": 0,
      "Wholesaler": 0,
      "Distributor": 0,
      "Factory": 0
    },
    "inventory_collapse_events": {
      "Retailer": 0,
      "Wholesaler": 5,
      "Distributor": 5,
      "Factory": 5
    },
    "backlog_explosion_events": {
      "Retailer": 0,
      "Wholesaler": 94,
      "Distributor": 95,
      "Factory": 84
    }
  },
  "agent_bullwhip": {
    "sigma_squared": {
      "Retailer": [
        0.0,
        0.0,
        0.0,
        0.0,
        0.0,
        0.0,
        0.0,
        0.0,
        0.0,
        0.0,
        0.0,
        0.0,
        0.0,
        0.0,
        45.36,
        210.24,
        0.0,
        0.64,
        226.24,
        40.64
      ],
      "Wholesaler": [
        0.0,
        0.0,
        0.0,
        0.0,
        0.0,
        0.0,
        125.44,
        0.0,
        0.0,
        0.0,
        0.0,
        92.16,
        154.56,
        238.24,
        241.2,
        10.16,
        144.0,
        279.04,
        220.16,
        143.84
      ],
      "Distributor": [
        0.0,
        0.0,
        0.0,
        0.0,
        0.0,
        0.0,
        0.0,
        282.24,
        1024.0,
        0.0,
        8.96,
        269.76,
        16.0,
        2.56,
        83.2,
        116.8,
        237.04,
        727.36,
        2.56,
        22.16
      ],
      "Factory": [
        0.0,
        0.0,
        0.0,
        0.0,
        0.0,
        256.0,
        0.0,
        16.0,
        49.76,
        155.36,
        123.84,
        119.04,
        122.56,
        184.64,
        273.6,
        22.24,
        239.6,
        389.44,
        348.96,
        522.56
      ]
    },
    "psi": {
      "Wholesaler": [
        null,
        null,
        null,
        null,
        null,
        null,
        null,
        null,
        null,
        null,
        null,
        null,
        null,
        null,
        5.317460317460317,
        0.04832572298325723,
        null,
        436.0,
        0.9731258840169731,
        3.5393700787401574
      ],
      "Distributor": [
        null,
        null,
        null,
        null,
        null,
        null,
        0.0,
        null,
        null,
        null,
        null,
        2.9270833333333335,
        0.10351966873706003,
        0.010745466756212223,
        0.34494195688225543,
        11.496062992125983,
        1.646111111111111,
        2.6066513761467887,
        0.011627906976744186,
        0.15406006674082312
      ],
      "Factory": [
        null,
        null,
        null,
        null,
        null,
        null,
        null,
        0.056689342403628114,
        0.04859375,
        null,
        13.821428571428571,
        0.4412811387900356,
        7.66,
        72.125,
        3.2884615384615388,
        0.19041095890410958,
        1.0107998650016874,
        0.5354157501099868,
        136.3125,
        23.581227436823102
      ]
    },
    "phi": {
      "Retailer": [
        null,
        null,
        null,
        null,
        null,
        null,
        null,
        null,
        null,
        null,
        null,
        null,
        null,
        null,
        4.634920634920635,
        0.0,
        null,
        353.5,
        0.17963224893917962,
        null
      ],
      "Wholesaler": [
        null,
        null,
        null,
        null,
        null,
        null,
        0.0,
        null,
        null,
        null,
        null,
        1.6770833333333335,
        1.541407867494824,
        1.0124244459368703,
        0.04212271973466004,
        14.173228346456693,
        1.9377777777777778,
        0.7889908256880733,
        0.653343023255814,
        null
      ],
      "Distributor": [
        null,
        null,
        null,
        null,
        null,
        null,
        null,
        3.6281179138321993,
        0.0,
        null,
        30.107142857142854,
        0.05931198102016608,
        0.16,
        32.5,
        1.4038461538461537,
        2.0294520547945205,
        3.068511643604455,
        0.0035195776506819184,
        8.65625,
        null
      ],
      "Factory": [
        null,
        null,
        null,
        null,
        null,
        0.0,
        null,
        3.11,
        3.1221864951768494,
        0.7971163748712667,
        0.9612403100775194,
        1.0295698924731183,
        1.506527415143603,
        1.4818024263431544,
        0.08128654970760232,
        10.773381294964029,
        1.6253756260434058,
        0.8960558751027116,
        1.4974782209995414,
        null
      ]
    },
    "psi_mean_by_echelon": {
      "Wholesaler": 89.17565640064014,
      "Distributor": 1.930080387881031,
      "Factory": 21.58931736266022
    },
    "phi_mean_by_echelon": {
      "Retailer": 89.57863822096496,
      "Wholesaler": 2.425153148853116,
      "Distributor": 7.41965019835373,
      "Factory": 2.0678477293002158
    },
    "summary": {
      "echelons_with_psi_gt_1": 3,
      "echelons_with_phi_gt_1": 4
    }
  },
  "total_costs": [
    18900.0,
    18018.0,
    17894.0,
    16380.0,
    17528.0
  ]
}